method,pehe_10%,pehe_25%,pehe_50%,bias_10%,bias_25%,bias_50%
BART,1.013,1.012,0.985,0.000,-0.017,0.002
Causal Forest,0.998,1.008,0.992,0.000,-0.015,0.002
zaffran_rf,-,-,-,-,-,-
zaffran_xgb,-,-,-,-,-,-
cqr_dr_rf_mean,1.001,1.008,0.975,-0.001,-0.014,-0.001
cqr_dr_rf_median,1.001,1.008,0.977,-0.002,-0.014,-0.001
cqr_dr_rf_stacked,1.001,1.008,0.975,-0.001,-0.014,-0.001
cqr_dr_rf_conservative,1.001,1.008,0.975,-0.001,-0.014,-0.001
cqr_dr_xgb_mean,0.978,1.009,0.982,-0.002,-0.017,-0.001
cqr_dr_xgb_median,0.982,1.012,0.986,-0.000,-0.016,-0.001
cqr_dr_xgb_stacked,0.978,1.009,0.982,-0.002,-0.017,-0.001
cqr_dr_xgb_conservative,0.978,1.009,0.982,-0.002,-0.017,-0.001
