method,Coverage_10%,Coverage_25%,Coverage_50%,Width_10%,Width_25%,Width_50%
BART,100,100,100,13.35,13.21,12.98
Causal Forest,24.2,29.1,36.2,0.69,0.81,1
zaffran_rf,99.9,100,100,6.99,8.34,9.01
zaffran_xgb,92.9,92.5,95.1,4.97,5.16,6.46
cqr_dr_rf_mean,100,100,100,5.66,5.73,6.29
cqr_dr_rf_median,100,100,100,5.64,5.63,6.09
cqr_dr_rf_stacked,100,100,100,5.67,5.91,6.57
cqr_dr_rf_conservative,100,100,100,7.31,8.45,10.52
cqr_dr_xgb_mean,100,100,100,4.03,4.64,5.4
cqr_dr_xgb_median,100,100,100,3.88,4.32,4.95
cqr_dr_xgb_stacked,100,100,100,4.25,4.99,6.2
cqr_dr_xgb_conservative,100,100,100,5.96,7.75,10.79
